{"policy/total_loss":-0.023351989686489105,"policy/mean_value":0.13658170402050018,"debug/step":9000,"episode/reward":1,"episode/length":52,"train/episodes":267,"_wandb":{"runtime":127},"action/0":2225,"episode/count":267,"action/2":2306,"dynamics/total_loss":0.020658589899539948,"action/3":2222,"buffer/real_size":10000,"policy/grad_norm":0.3737148851334212,"_runtime":127.3127447,"episode/mean_reward_100":0.35,"action/1":2251,"_timestamp":1.7658623856635551e+09,"buffer/model_size":0,"model/generated_transitions":20480,"_step":10000,"policy/mean_advantage":3.725290298461914e-09,"dynamics/reward_loss":0.003918233932927251,"policy/value_loss":0.008398948237299919,"policy/loss":0.00017440319061279297,"policy/entropy":1.3862934112548828,"train/global_step":10000,"model/rollouts_generated":20480,"dynamics/delta_loss":0.0002134842739906162}