{"action/2":2306,"dynamics/reward_loss":0.015780719928443432,"dynamics/delta_loss":0.0002122970880009234,"action/0":2225,"policy/entropy":1.3862934112548828,"model/rollouts_generated":5000,"train/global_step":50000,"episode/count":1446,"episode/reward":0,"train/episodes":1441,"action/1":2251,"policy/grad_norm":0.499999521422421,"buffer/model_size":5000,"episode/mean_reward_100":0.37,"policy/loss":-0.00025229156017303467,"_timestamp":1.765860780816658e+09,"_wandb":{"runtime":914},"policy/total_loss":-0.027939148247241974,"buffer/real_size":50000,"dynamics/total_loss":0.07996507734060287,"debug/step":9000,"action/3":2222,"_runtime":914,"policy/value_loss":7.802095933584496e-05,"policy/mean_advantage":-1.4901161193847656e-08,"model/generated_transitions":5000,"episode/length":24,"policy/mean_value":0.13584135472774506,"_step":50004}