{"dynamics/delta_loss":0.00024062196588298928,"train/episodes":661,"policy/mean_advantage":6.239861249923706e-10,"action/2":2215,"action/0":2279,"policy/logits_max_abs":0.020943896025419236,"episode/length":99,"episode/mean_reward_100":0.24,"_wandb":{"runtime":1362},"train/global_step":23000,"dynamics/reward_loss":0.008688871008622905,"_timestamp":1.7666051453309724e+09,"dynamics/total_loss":0.02678847898787353,"policy/entropy":1.3862198078632355,"policy/loss":0.00017833564430475235,"episode/count":687,"episode/reward":2,"policy/logits_std":0.012245085509493946,"debug/step":9000,"model/generated_transitions":3840,"policy/value_loss":0.008652335846381903,"policy/grad_norm":0.25778596855700014,"_runtime":1362,"action/3":2319,"action/1":2191,"model/rollouts_generated":3840,"buffer/real_size":22802,"policy/updates_skipped":0,"_step":23025,"buffer/model_size":100000,"policy/total_loss":-0.06480648849159479,"policy/mean_value":0.24670416310429574}