{"policy/mean_advantage":-4.842877388000488e-10,"episode/length":24,"_wandb":{"runtime":4758},"episode/mean_reward_100":0.23,"dynamics/reward_loss":0.0030751389191338296,"dynamics/delta_loss":0.0002427558995744524,"debug/step":9000,"policy/mean_value":0.21545594356954098,"dynamics/total_loss":0.009953684402280488,"action/1":2191,"_runtime":4758,"_step":64027,"buffer/real_size":63802,"train/global_step":64000,"policy/grad_norm":0.5067203550040722,"action/2":2215,"model/rollouts_generated":3840,"episode/count":1854,"buffer/model_size":100000,"policy/total_loss":-0.09200114719569683,"policy/logits_std":0.0475581880286336,"policy/logits_max_abs":0.07376138933002949,"action/3":2318,"policy/entropy":1.3851691663265229,"action/0":2280,"_timestamp":1.766618064094017e+09,"policy/updates_skipped":0,"model/generated_transitions":3840,"policy/loss":-0.00027455986477434633,"train/episodes":1826,"policy/value_loss":0.09358066337066702,"episode/reward":0}