{"policy/updates_skipped":0,"policy/mean_advantage":9.778887033462525e-10,"policy/logits_std":7.2643755912780765,"debug/step":9000,"policy/loss":-0.15505317330360413,"action/3":2319,"policy/mean_value":0.12375884229782969,"episode/reward":0,"_runtime":7047,"_timestamp":1.766612194403775e+09,"dynamics/delta_loss":0.00017709911922186923,"policy/entropy":3.117615638075222e-06,"policy/value_loss":0.005911645270534791,"model/generated_transitions":3840,"episode/length":24,"buffer/model_size":100000,"_wandb":{"runtime":7047},"buffer/real_size":40802,"policy/total_loss":-0.15209737755358219,"model/rollouts_generated":3840,"policy/logits_max_abs":10,"policy/grad_norm":1.7891335101053119,"episode/count":1160,"_step":41020,"dynamics/reward_loss":0.001986853018646192,"train/episodes":1139,"action/0":2279,"action/2":2215,"episode/mean_reward_100":0.23,"train/global_step":41000,"dynamics/total_loss":0.0064918564874096776,"action/1":2191}