{"episode/reward":0,"episode/count":831,"_runtime":351,"dynamics/delta_loss":0.0002252999692185161,"episode/mean_reward_100":0.42,"dynamics/total_loss":0.033873515000450424,"policy/mean_value":0.2683319389168173,"episode/length":24,"dynamics/reward_loss":0.011065871716094381,"action/0":2278,"action/1":2191,"train/global_step":26000,"policy/entropy":6.773353442213193e-07,"action/3":2319,"_wandb":{"runtime":351},"action/2":2216,"policy/mean_advantage":4.6100467443466186e-10,"train/episodes":813,"_timestamp":1.7658646544635615e+09,"model/rollouts_generated":256,"policy/total_loss":-0.4977437166357413,"buffer/real_size":25802,"buffer/model_size":100000,"policy/loss":-0.5008834837377072,"policy/grad_norm":2.1181079400610177,"model/generated_transitions":256,"debug/step":9000,"policy/value_loss":0.006279667132803297,"_step":26017}