{"buffer/model_size":3840,"policy/entropy":1.3862929344177246,"action/0":2280,"policy/grad_norm":0.26817700266838074,"policy/total_loss":-1.1086868047714233,"dynamics/total_loss":0.0008170350920408964,"episode/mean_reward_100":0.38,"action/2":2214,"model/rollouts_generated":3840,"_timestamp":1.766602914585183e+09,"policy/value_loss":0.0008385982364416122,"episode/length":22,"policy/logits_std":0.0016835042042657733,"dynamics/delta_loss":0.00024003049960204711,"episode/reward":0,"action/3":2319,"policy/loss":-7.168203592300415e-05,"_step":20001,"_wandb":{"runtime":76},"buffer/real_size":20000,"action/1":2191,"policy/updates_skipped":0,"episode/count":578,"_runtime":76,"train/global_step":20000,"model/generated_transitions":3840,"policy/logits_max_abs":0.0034055253490805626,"dynamics/reward_loss":3.2314548055486135e-05,"train/episodes":576,"policy/mean_advantage":-1.1175870895385742e-08,"policy/mean_value":0.1148340180516243,"debug/step":9000}