{"policy/entropy":0.06796607996009697,"train/episodes":66,"episode/length":24,"debug/step":2000,"action/0":282,"buffer/real_size":1802,"_timestamp":1.7658579650057285e+09,"policy/grad_norm":0.49532404070661956,"model/generated_transitions":0,"dynamics/reward_loss":0.005668494449222635,"buffer/model_size":0,"_step":2019,"policy/mean_value":0.1512495394051075,"_wandb":{"runtime":423},"policy/mean_advantage":-9.825453162193298e-10,"dynamics/total_loss":0.029348017271840946,"episode/count":85,"model/rollouts_generated":0,"policy/total_loss":-0.05923692614538595,"dynamics/delta_loss":0.0002011089372972492,"policy/value_loss":0.013419535744469612,"train/global_step":2000,"action/1":901,"episode/reward":0,"action/2":285,"policy/loss":-0.06526703849434852,"episode/mean_reward_100":0.17647058823529413,"_runtime":423,"action/3":536}