{"model/rollouts_generated":256,"policy/mean_advantage":-3.6321580410003663e-10,"policy/logits_max_abs":20.383832607269287,"episode/mean_reward_100":0.36,"policy/mean_value":0.3885101594217122,"train/global_step":22000,"model/generated_transitions":256,"episode/length":72,"buffer/real_size":21802,"policy/value_loss":0.02119816451668157,"episode/count":628,"policy/logits_std":14.386307916641236,"_wandb":{"runtime":167},"_step":22005,"action/2":2215,"_runtime":167,"debug/step":9000,"train/episodes":622,"policy/grad_norm":6.329663501083851,"action/3":2320,"policy/loss":-0.802736790329218,"dynamics/reward_loss":0.009962777651683912,"dynamics/total_loss":0.030578202297328973,"policy/entropy":1.051539942977797e-06,"action/1":2191,"_timestamp":1.7658649307825673e+09,"action/0":2278,"policy/total_loss":-0.7921377109084279,"buffer/model_size":100000,"episode/reward":1,"dynamics/delta_loss":0.00022995649972775328}