{"_wandb":{"runtime":202},"action/0":2224,"action/2":2306,"action/3":2223,"episode/reward":0,"episode/length":24,"train/episodes":1204,"episode/mean_reward_100":0.28,"debug/step":9000,"_step":41000,"train/global_step":41000,"episode/count":1204,"action/1":2251,"_timestamp":1.7658571864251535e+09,"_runtime":202.8015338}