{"train/global_step":21000,"model/rollouts_generated":3840,"policy/value_loss":0.00535269387462904,"episode/mean_reward_100":0.2,"buffer/model_size":100000,"dynamics/delta_loss":0.0002379712297503526,"dynamics/total_loss":0.01664504459302407,"policy/mean_value":0.08741065841633827,"action/3":2320,"episode/length":99,"debug/step":9000,"action/2":2215,"episode/reward":2,"_step":21020,"policy/logits_std":0.008591525461524726,"_runtime":622,"_timestamp":1.7666035540673354e+09,"_wandb":{"runtime":622},"episode/count":671,"policy/logits_max_abs":0.0121268324367702,"policy/total_loss":-1.1062347543239595,"policy/grad_norm":0.3082719461619854,"action/1":2191,"dynamics/reward_loss":0.005310376967383376,"policy/loss":9.452370926737785e-05,"buffer/real_size":20802,"model/generated_transitions":3840,"train/episodes":650,"policy/entropy":1.386256994009018,"policy/updates_skipped":0,"action/0":2278,"policy/mean_advantage":-2.728775143623352e-09}