{"episode/length":29.71,"_runtime":44.2317083,"episode/reward":0.14,"train/episodes":232,"_step":8000,"episode/count":21,"_timestamp":1.765856484794776e+09,"train/global_step":8000,"episode/mean_reward_100":0.42857142857142855,"_wandb":{"runtime":44}}