{"episode/mean_reward_100":0.26,"action/3":2319,"train/global_step":76000,"action/0":2280,"dynamics/reward_loss":0.0026067850907372987,"episode/count":2322,"train/episodes":2318,"model/generated_transitions":256,"episode/length":24,"policy/total_loss":-0.13346518896520138,"policy/mean_value":0.2727086935564876,"policy/updates_skipped":0,"policy/entropy":1.3795116603374482,"dynamics/total_loss":0.008585985799436457,"_timestamp":1.7666016491559987e+09,"_runtime":2689,"action/2":2214,"policy/mean_advantage":-2.7008354663848876e-09,"policy/logits_max_abs":0.30671798557043073,"action/1":2191,"policy/value_loss":0.009500516948755831,"_wandb":{"runtime":2689},"policy/loss":-0.0002642785385251045,"model/rollouts_generated":256,"buffer/real_size":75802,"episode/reward":0,"debug/step":9000,"policy/grad_norm":0.6168306401371956,"policy/logits_std":0.11363569661974907,"_step":76003,"dynamics/delta_loss":0.0002552101552040161,"buffer/model_size":100000}