{"dynamics/delta_loss":0.00022806917259003966,"model/generated_transitions":20480,"train/episodes":308,"debug/step":9000,"policy/total_loss":-0.027513114735484123,"model/rollouts_generated":20480,"dynamics/reward_loss":0.007875430211424828,"action/3":2314,"_wandb":{"runtime":98},"policy/grad_norm":0.3748512663246888,"train/global_step":10000,"_runtime":98,"_step":10000,"policy/mean_value":0.13627701997756958,"_timestamp":1.7658626236775334e+09,"action/1":2191,"action/0":2288,"episode/count":309,"policy/value_loss":0.0005136395920999348,"action/2":2211,"episode/mean_reward_100":0.24,"episode/reward":0,"policy/mean_advantage":1.862645149230957e-09,"buffer/real_size":10000,"buffer/model_size":0,"policy/loss":-4.406645894050598e-05,"episode/length":22,"policy/entropy":1.3862934112548828,"dynamics/total_loss":0.04051749408245087}