{"action/3":2319,"model/rollouts_generated":256,"train/episodes":1679,"debug/step":9000,"dynamics/reward_loss":0.006440709363424352,"policy/value_loss":0.00892745204968378,"_wandb":{"runtime":1868},"episode/reward":0,"dynamics/total_loss":0.02003931652463507,"_timestamp":1.7658669314964702e+09,"train/global_step":58000,"buffer/model_size":100000,"policy/updates_skipped":0,"episode/mean_reward_100":0.38,"action/1":2191,"policy/loss":0.000291987918317318,"action/2":2215,"dynamics/delta_loss":0.00023906295216875151,"policy/mean_value":0.32113623842597006,"policy/mean_advantage":9.220093488693237e-10,"policy/total_loss":-0.13326823547482491,"model/generated_transitions":256,"policy/grad_norm":0.5583219848573208,"action/0":2279,"policy/logits_max_abs":0.19055188313126564,"episode/length":22,"policy/entropy":1.3802394723892213,"buffer/real_size":57802,"_runtime":1868,"episode/count":1693,"_step":58013,"policy/logits_std":0.11147040463984012}