{"_step":10000,"train/episodes":284,"action/3":2314,"dynamics/reward_loss":0.0077913117595016955,"policy/total_loss":-0.027793938294053078,"buffer/real_size":10000,"dynamics/delta_loss":0.00024340935924556107,"action/1":2191,"debug/step":9000,"policy/value_loss":7.15665373718366e-05,"action/2":2211,"policy/loss":-0.00010385364294052124,"episode/count":284,"policy/mean_value":0.13601207733154297,"policy/mean_advantage":-3.725290298461914e-09,"_runtime":102.2729119,"policy/grad_norm":0.48720584943604744,"action/0":2288,"dynamics/total_loss":0.04017360508441925,"model/rollouts_generated":20480,"buffer/model_size":20480,"model/generated_transitions":20480,"train/global_step":10000,"episode/mean_reward_100":0.28,"_wandb":{"runtime":102},"episode/reward":0,"policy/entropy":1.3862934112548828,"_timestamp":1.7658627138005989e+09,"episode/length":24}