{"policy/entropy":1.3862929344177246,"policy/loss":4.325062036514282e-05,"_step":20021,"train/episodes":620,"episode/length":24,"dynamics/reward_loss":0.015469576232135296,"action/3":2319,"policy/logits_std":0.0016538278432562947,"action/1":2191,"action/0":2278,"buffer/real_size":20000,"episode/mean_reward_100":0.26,"policy/value_loss":0.00013853245764039457,"buffer/model_size":256,"train/global_step":20000,"policy/logits_max_abs":0.0033703716471791267,"_timestamp":1.7658650450996604e+09,"policy/mean_advantage":-7.450580596923828e-09,"dynamics/delta_loss":0.00026953766549316544,"debug/step":9000,"model/rollouts_generated":256,"_runtime":93,"model/generated_transitions":256,"episode/count":642,"episode/reward":0,"_wandb":{"runtime":93},"policy/total_loss":-0.13851678371429443,"policy/mean_value":0.11343497782945633,"dynamics/total_loss":0.047217339277267456,"policy/grad_norm":0.1066749095916748,"action/2":2216}