{"_wandb":{"runtime":195},"policy/entropy":1.3862929344177246,"policy/mean_advantage":-7.450580596923828e-09,"episode/count":591,"episode/length":24,"dynamics/delta_loss":0.00026185650494880974,"policy/logits_max_abs":0.00348607636988163,"buffer/real_size":20000,"action/1":2191,"train/episodes":582,"debug/step":9000,"episode/mean_reward_100":0.33,"action/2":2215,"episode/reward":0,"buffer/model_size":3840,"policy/updates_skipped":0,"action/0":2279,"_timestamp":1.7666037358266408e+09,"policy/grad_norm":0.35581648349761963,"dynamics/total_loss":0.048471301794052124,"train/global_step":20000,"_runtime":195,"dynamics/reward_loss":0.015895243113239605,"_step":20008,"policy/value_loss":0.00023932624026201665,"policy/loss":-0.00022276490926742554,"model/generated_transitions":3840,"policy/logits_std":0.0016613658517599106,"policy/total_loss":-0.06941775232553482,"policy/mean_value":0.1135469526052475,"action/3":2319,"model/rollouts_generated":3840}