{"action/2":2211,"_runtime":325,"policy/loss":0.0001295618712902069,"dynamics/total_loss":0.07900282740592957,"_wandb":{"runtime":325},"policy/total_loss":-0.02754715457558632,"policy/grad_norm":0.4999993388775484,"train/global_step":10000,"model/generated_transitions":3072,"episode/count":320,"episode/length":24,"buffer/model_size":3072,"episode/reward":0,"episode/mean_reward_100":0.36,"action/3":2314,"model/rollouts_generated":3072,"action/0":2288,"policy/mean_value":0.13661092519760132,"_timestamp":1.7658631730370913e+09,"policy/value_loss":9.830139606492594e-05,"action/1":2191,"_step":10012,"train/episodes":307,"dynamics/delta_loss":0.00021440022683236749,"dynamics/reward_loss":0.015586165338754654,"policy/mean_advantage":0,"buffer/real_size":10000,"debug/step":9000,"policy/entropy":1.3862934112548828}