{"policy/mean_advantage":6.984919309616089e-10,"buffer/real_size":7802,"policy/mean_value":0.48631064540939406,"_timestamp":1.7658633862405388e+09,"_wandb":{"runtime":175},"episode/reward":0,"policy/entropy":3.2087659135981993e-07,"episode/count":264,"episode/mean_reward_100":0.54,"_step":8012,"policy/grad_norm":0.4147466634156203,"action/1":1261,"model/rollouts_generated":256,"dynamics/delta_loss":0.00020773505622249407,"policy/loss":-0.7706932473182678,"dynamics/reward_loss":0.017264960907793163,"dynamics/total_loss":0.05241808786406182,"action/0":1325,"model/generated_transitions":256,"action/2":1298,"debug/step":8000,"episode/length":24,"_runtime":175,"policy/total_loss":-0.7573133788537234,"train/global_step":8000,"action/3":4120,"train/episodes":252,"policy/value_loss":0.026759729821715154,"buffer/model_size":100000}