{"dynamics/delta_loss":0.0002534951453950877,"episode/reward":0,"_runtime":105,"action/3":1593,"policy/total_loss":-0.8356707449257373,"action/0":1642,"action/2":1542,"policy/grad_norm":12.428111330270767,"_timestamp":1.765864226365659e+09,"buffer/real_size":5802,"model/generated_transitions":256,"policy/entropy":1.0483293217420577,"dynamics/total_loss":0.024500394305214286,"train/episodes":164,"train/global_step":6000,"_step":6026,"model/rollouts_generated":256,"dynamics/reward_loss":0.007913302963531047,"policy/value_loss":0.03478088026457044,"episode/count":190,"buffer/model_size":51840,"_wandb":{"runtime":105},"debug/step":6000,"action/1":1227,"episode/mean_reward_100":0.3,"policy/mean_advantage":6.519258022308349e-10,"policy/mean_value":0.5575376315566245,"episode/length":24,"policy/loss":-0.3288965217769146}