{"policy/mean_value":0.655552778178826,"policy/grad_norm":5.235093579366803,"train/global_step":6000,"buffer/real_size":5802,"dynamics/total_loss":0.02031533888541162,"model/generated_transitions":256,"policy/mean_advantage":8.963979780673981e-10,"episode/length":24,"action/0":1456,"_wandb":{"runtime":74},"_timestamp":1.7658640942053003e+09,"debug/step":6000,"action/3":1423,"dynamics/reward_loss":0.006537062247198263,"policy/value_loss":0.030669283866791373,"model/rollouts_generated":256,"dynamics/delta_loss":0.00023471740064754464,"policy/total_loss":-0.6494085446093232,"episode/reward":0,"train/episodes":176,"policy/entropy":0.1308005618062566,"policy/loss":-0.6582031688466669,"episode/mean_reward_100":0.25,"episode/count":182,"_step":6006,"action/1":1310,"action/2":1815,"_runtime":74,"buffer/model_size":51840}