{"action/1":1337,"action/3":3686,"policy/entropy":1.167057463362653e-06,"_wandb":{"runtime":201},"episode/reward":0,"policy/total_loss":-0.5233095854520797,"action/2":1337,"debug/step":8000,"policy/value_loss":0.024153378616756527,"dynamics/reward_loss":0.02225380747531745,"episode/length":24,"episode/count":274,"_step":8035,"policy/mean_value":0.45575694350525736,"buffer/model_size":100000,"action/0":1644,"episode/mean_reward_100":0.38,"model/generated_transitions":256,"train/global_step":8000,"policy/loss":-0.5353862309455871,"_runtime":201,"model/rollouts_generated":256,"policy/mean_advantage":8.987262845039367e-10,"dynamics/total_loss":0.06741494105313904,"_timestamp":1.7658636134458425e+09,"buffer/real_size":7802,"train/episodes":239,"dynamics/delta_loss":0.0002178395008377266}