{"action/0":2224,"_timestamp":1.7658620356155467e+09,"dynamics/reward_loss":0.011656443029642105,"_wandb":{"runtime":112},"episode/mean_reward_100":0.28,"dynamics/total_loss":0.05940718203783035,"model/rollouts_generated":20480,"action/2":2306,"buffer/model_size":0,"train/global_step":10000,"episode/length":24,"train/episodes":283,"debug/step":9000,"policy/total_loss":-0.025719817727804184,"model/generated_transitions":20480,"episode/count":283,"action/3":2223,"policy/loss":-6.549619138240814e-05,"_step":10000,"policy/mean_advantage":-3.725290298461914e-09,"policy/grad_norm":0.3061741970841488,"_runtime":112.550962,"action/1":2251,"dynamics/delta_loss":0.00022499366896227,"episode/reward":0,"policy/mean_value":0.1364210695028305,"policy/entropy":1.3862934112548828,"buffer/real_size":10000,"policy/value_loss":0.004143094178289175}