{"policy/total_loss":-1.1042343854904175,"dynamics/total_loss":0.006920520640560426,"action/2":2214,"buffer/model_size":100000,"policy/mean_value":0.3192830917239189,"_wandb":{"runtime":673},"model/rollouts_generated":256,"episode/mean_reward_100":0.26,"policy/updates_skipped":0,"policy/value_loss":0.011127280095824971,"_runtime":673,"action/3":2319,"train/global_step":32000,"action/0":2280,"policy/loss":-0.0013737677689641713,"policy/logits_std":0.03949376862496137,"model/generated_transitions":256,"policy/grad_norm":0.4049357677996159,"episode/length":24,"policy/logits_max_abs":0.08591950096189976,"dynamics/delta_loss":0.00025196677175699734,"episode/reward":0,"dynamics/reward_loss":0.002054873478165244,"action/1":2191,"episode/count":927,"_step":32005,"policy/mean_advantage":-1.4435499906539917e-09,"debug/step":9000,"_timestamp":1.7666023417822144e+09,"policy/entropy":1.3855302941799164,"train/episodes":921,"buffer/real_size":31802}